index,category,lean_name,book_name,kind,location,official_lean_declaration,source_file,plain_english_statement_len,plain_english_proof_len,statement_excerpt,comment_excerpt
6,statement_but_no_proof,corollary_1_7_linear_combination_tail,Corollary 1.7,corollary,Section 1.2,corollary_1_7_linear_combination_tail,,1058,0,"**Corollary 1.7.** Let \(X_1, \ldots, X_n\) be \(n\) independent random variables such that \(X_i \sim \operatorname{subG}(\sigma^2)\). Then for any \(a \in \mathbb{R}^n\), we have  \[ \mathbb{P}\left(\sum_{i=1}^n a_i X_i > t \right) \leq \",*Corollary 1.7 (two-sided form).** Combined upper- and lower-tail bounds for `∑ aᵢXᵢ` when the `Xᵢ` are independent sub-Gaussian variables with proxy `σ²`.
8,statement_but_no_proof,theorem_1_9_sample_mean,Theorem 1.9 (Hoeffding's inequality),theorem,Section 1.2,theorem_1_9_sample_mean,,2621,0,"**Theorem 1.9 (Hoeffding’s inequality).** Let \(X_1, \ldots, X_n\) be \(n\) independent random variables such that almost surely, \[ X_i \in [a_i, b_i], \quad \forall i. \]  Let \(\bar{X} = \frac{1}{n} \sum_{i=1}^n X_i\). Then for any \(t>0","*Theorem 1.9 (Hoeffding's inequality for the sample mean).** Combined two-sided tail bound: for independent `X_i ∈ [a_i, b_i]`, `max(P(X̄ - E X̄ > t), P(X̄ - E X̄ < -t)) ≤ exp(-2 n² t² / ∑ (b_i - a_i)²)`."
14,statement_but_no_proof,SubGaussianPolytope.theorem_1_16,Theorem 1.16,theorem,Section 1.4,SubGaussianPolytope.theorem_1_16,,2330,0,"**Theorem 1.16.** Let \( P \) be a polytope with \( N \) vertices \( v^{(1)}, \ldots, v^{(N)} \in \mathbb{R}^d \), and let \( X \in \mathbb{R}^d \) be a random vector such that the random variables \(\langle v^{(i)}, X \rangle\), \( i = 1,\","Theorem 1.16 (combined): for a polytope with vertex set `S` whose vertex processes are `σ²`-sub-Gaussian, both the sup and the absolute-value sup of `g ω ·` over `conv(S)` satisfy logarithmic expectation bounds and Gaussian tail bounds."
22,statement_but_no_proof,cor_2_8_mse_prob,Corollary 2.8,corollary,"Chapter 2, Section 2.2",cor_2_8_mse_prob,,776,0,"**Corollary 2.8.** Under the assumptions of Theorem 2.6, for any \(\delta > 0\), with probability at least \(1 - \delta\), it holds that  \[ \text{MSE}(X \hat{\theta}^{\text{ls}}_{B_0(k)}) \leq \frac{\sigma^2 k}{n} \left( \log \frac{e d}{2 ","*Corollary 2.8**: High-probability MSE bound for sparse least-squares estimators under sub-Gaussian noise; with probability at least `1 - δ`, the in-sample MSE is controlled by a sparsity-times-log-dimension term."
46,statement_but_no_proof,Cor49.corollary_4_9,Corollary 4.9,corollary,Section 4.4,Cor49.corollary_4_9,,2554,0,"Corollary 4.9. Let \(X_1, \ldots, X_n\) be \(n\) i.i.d. copies of a sub-Gaussian random vector \(X \in \mathbb{R}^d\) such that \(\mathbb{E} X X^\top = \Sigma\) and \(X \sim \operatorname{subG}_d(k \Sigma_{\text{op}})\). Assume further that","*Corollary 4.9 (PCA under spiked covariance).** There is a universal constant `C > 0` such that for all `n` i.i.d. sub-Gaussian samples `X₁, …, Xₙ` from a spiked covariance model `Σ = θ v v^⊤ + I_d` with `X ~ subG_d(‖Σ‖_op)`, the top eigenv"
55,statement_but_no_proof,GaussianSequenceModel.minimax_rate,Corollary 5.13,corollary,Section 5.5,GaussianSequenceModel.minimax_rate,,1169,0,"Corollary 5.13. The minimax rate of estimation over \(\mathbb{R}^d\) in the Gaussian sequence model is \(\varphi(\mathbb{R}^d) = \frac{\sigma^2 d}{n}\). Moreover, it is attained by the least squares estimator \(\hat{\theta}_{\mathrm{ls}} = ","*Corollary 5.13** (minimax rate over `ℝ^d`): the minimax rate of estimation in the Gaussian sequence model on `ℝ^d` is `φ(ℝ^d) = σ² d / n`, matched up to constants by a Fano lower bound and attained exactly by the least squares (identity) e"
57,statement_but_no_proof,Cor_5_15.cor_5_15,Corollary 5.15,corollary,Chapter 5,Cor_5_15.cor_5_15,,1511,0,**Corollary 5.15.** Recall that \( B_0(k) \subset \mathbb{R}^d \) denotes the set of all \(k\)-sparse vectors in \(\mathbb{R}^d\). The minimax rate of estimation over \(B_0(k)\) in the Gaussian sequence model is \[ \varphi(B_0(k)) = \sigma^,"*Corollary 5.15** (`k`-sparse minimax rate): for the `k`-sparse `ℓ⁰`-ball `B₀(k) ⊂ ℝ^d`, the minimax rate of estimation in the Gaussian sequence model is `φ(B₀(k)) = σ² k log(e d / k) / n`, attained (up to constants) by the constrained leas"
1,both_statement_and_proof,GaussianTailBound.gaussian_tail_bound,Proposition 1.1,proposition,"Chapter 1, Section 1.1",GaussianTailBound.gaussian_tail_bound,,457,1779,"**Proposition 1.1.** Let \(X\) be a Gaussian random variable with mean \(\mu\) and variance \(\sigma^2\). Then, for any \(t>0\), it holds that  \[ \mathbb{P}(X-\mu>t) \leq \frac{\sigma}{\sqrt{2\pi}\,t} e^{-\frac{t^2}{2\sigma^2}}. \]  By sym","Public packaging of Proposition 1.1: upper, lower and two-sided Mills-type tail bounds for any Gaussian `N(μ, σ²)`."
2,both_statement_and_proof,SubGaussian.subGaussian_tail_bounds,Lemma 1.3,lemma,Section 1.2,SubGaussian.subGaussian_tail_bounds,,252,1553,"**Lemma 1.3.** Let \( X \sim \text{subG}(\sigma^2) \). Then for any \( t > 0 \), it holds that \[ \mathbb{P}[X > t] \leq \exp\left(-\frac{t^2}{2\sigma^2}\right), \quad \text{and} \quad \mathbb{P}[X < -t] \leq \exp\left(-\frac{t^2}{2\sigma^2","Combined two-sided tail bounds of Lemma 1.3: for `X ~ subG(σ²)` and any `t > 0`, both `P(X > t)` and `P(X < -t)` are at most `exp(-t² / (2σ²))`."
3,both_statement_and_proof,SubGaussianMoments.subgaussian_moment_bounds,Lemma 1.4,lemma,Section 1.2,SubGaussianMoments.subgaussian_moment_bounds,,427,1079,"**Lemma 1.4.** Let \(X\) be a random variable such that \[ \mathbb{P}(|X| > t) \leq 2 \exp\left(-\frac{t^{2}}{2 \sigma^{2}}\right). \] Then for any positive integer \(k \geq 1\), \[ \mathbb{E}[|X|^{k}] \leq (2 \sigma^{2})^{k/2} \, k \, \Gam",Combined statement of Lemma 1.4: the kth-root moment bound for `k ≥ 2` together with the first absolute moment bound.
4,both_statement_and_proof,lemma_1_5_mgf_bound_from_tails,Lemma 1.5,lemma,Section 1.2,lemma_1_5_mgf_bound_from_tails,,213,1034,"Lemma 1.5. If (1.3) holds, then for any \(s > 0\), it holds that \[ \mathbb{E}[\exp(sX)] \leq e^{4 \sigma^2 s^2}. \] As a result, we will sometimes write \(X \sim \mathrm{subG}(\sigma^2)\) when it satisfies (1.3).","One-sided MGF bound version of Lemma 1.5: under the sub-Gaussian tail bound `P[|X| > t] ≤ 2 exp(-t²/(2σ²))`, the MGF satisfies `E[exp(sX)] ≤ exp(4σ²s²)` for `s > 0`."
5,both_statement_and_proof,theorem_1_6_subgaussian_vector,Theorem 1.6,theorem,Section 1.2,theorem_1_6_subgaussian_vector,,225,361,"**Theorem 1.6.** Let \( X = (X_1, \ldots, X_n) \) be a vector of independent sub-Gaussian random variables that have variance proxy \(\sigma^2\). Then, the random vector \(X\) is sub-Gaussian with variance proxy \(\sigma^2\).","*Theorem 1.6 (Sub-Gaussianity of linear combinations).** Let `X₁, …, Xₙ` be independent sub-Gaussian random variables with the same variance proxy `σ²`. Then for any coefficients `a : Fin n → ℝ`, the random variable `∑ aᵢ Xᵢ` is sub-Gaussia"
7,both_statement_and_proof,lemma_1_8_hoeffding,Lemma 1.8 (Hoeffding's lemma (1963)),lemma,Section 1.2,lemma_1_8_hoeffding,,337,1042,"**Lemma 1.8 (Hoeffding’s lemma (1963)).** Let \(X\) be a random variable such that \(\mathbb{E}[X] = 0\) and \(X \in [a, b]\) almost surely. Then, for any \(s \in \mathbb{R}\), it holds that  \[ \mathbb{E}[e^{sX}] \leq e^{\frac{s^{2} (b - a","*Hoeffding's lemma (Lemma 1.8).** A centered random variable taking values in `[a,b]` a.s. is sub-Gaussian with variance proxy `(b-a)²/4`."
9,both_statement_and_proof,lemma_1_10,Lemma 1.10,lemma,Section 1.3,lemma_1_10,,459,2158,"**Lemma 1.10.** Let \(X\) be a centered random variable such that \(\mathbb{P}(|X| > t) \leq 2 e^{-2t/\lambda}\) for some \(\lambda > 0\). Then, for any positive integer \(k \geq 1\),  \[ \mathbb{E}[|X|^k] \leq \lambda^k k! \,. \]  Moreover",Lemma 1.10 (combined form). Assume `X` is centered and satisfies `P(|X| > t) ≤ 2 e^(-2t/λ)`. Then: 1. `E[|X|^k] ≤ λ^k · k!` for every `k ≥ 1`. 2. Any nonnegative `E ≤ λ^k · k!` satisfies `E^{1/k} ≤ 2 λ k`. 3. The MGF is bounded: for `|s| ≤ 
10,both_statement_and_proof,lemma_1_12_square_subgaussian_is_subexponential,Lemma 1.12,lemma,Section 1.3,lemma_1_12_square_subgaussian_is_subexponential,,171,1127,**Lemma 1.12.** Let \( X \sim \text{subG}(\sigma^2) \). Then the random variable \( Z = X^2 - \mathbb{E}[X^2] \) is sub-exponential: \( Z \sim \text{subE}(16 \sigma^2) \).,"*Lemma 1.12**: For `X ~ subG(σ²)`, the centred square `Z = X² - E[X²]` is sub-exponential with parameter `16σ²`, i.e. `Z ~ subE(16σ²)`."
11,both_statement_and_proof,theorem_1_13_bernstein_inequality,Theorem 1.13 (Bernstein's inequality),theorem,Section 1.3,theorem_1_13_bernstein_inequality,,423,660,"**Theorem 1.13 (Bernstein’s inequality).** Let \(X_1,\ldots,X_n\) be independent random variables such that \(\mathbb{E}(X_i)=0\) and \(X_i\sim \operatorname{subE}(\lambda)\). Define  \[ \overline{X}=\frac{1}{n}\sum_{i=1}^n X_i. \]  Then, f","*Theorem 1.13 (Bernstein's inequality).** For independent sub-exponential variables `X₁,…,Xₙ` with parameter `λ`, the maximum of the two centered sample-mean tail probabilities is bounded by `exp(-(n/2) min(t²/λ², t/λ))`."
12,both_statement_and_proof,subGaussian_maximal_inequality,Theorem 1.14,theorem,Section 1.4,subGaussian_maximal_inequality,,642,2860,"**Theorem 1.14.** Let \(X_1, \ldots, X_N\) be \(N\) random variables such that \(X_i \sim \text{subG}(\sigma^2)\). Then  \[ \mathbb{E} \left[ \max_{1 \leq i \leq N} X_i \right] \leq \sigma \sqrt{2 \log(N)}, \quad \text{and} \quad \mathbb{E}",Theorem 1.14 in combined form: the four maximal inequalities for a family of `N` sub-Gaussian variables — expectation and tail bounds for both the signed max and the max of absolute values.
13,both_statement_and_proof,lemma_1_15_sSup_eq,Lemma 1.15,lemma,Section 1.4,lemma_1_15_sSup_eq,,267,619,"**Lemma 1.15.** Consider a linear form \(x \mapsto c^\top x\), where \(x,c \in \mathbb{R}^d\). Then, for any convex polytope \(P \subset \mathbb{R}^d\),  \[ \max_{x \in P} c^\top x = \max_{x \in V(P)} c^\top x, \]  where \(V(P)\) denotes th",*Lemma 1.15 (supremum of a linear form over a polytope).** The supremum of a linear form `f` over the convex hull of a nonempty finite set `S` equals the maximum of `f` over the vertices `S`.
15,both_statement_and_proof,lemma_1_18_covering_number_euclidean_ball,Lemma 1.18,lemma,Section 1.4,lemma_1_18_covering_number_euclidean_ball,,202,1653,"**Lemma 1.18.** Fix \(\varepsilon \in (0,1)\). Then the unit Euclidean ball \(B_2\) has an \(\varepsilon\)-net \(N\) with respect to the Euclidean distance of cardinality \(|N| \leq (3/\varepsilon)^d\).","*Lemma 1.18 (Covering number of the unit Euclidean ball).** For `0 < ε < 1`, the closed unit ball `B₂` in `ℝ^d` admits an `ε`-net of cardinality at most `⌈(3/ε)^d⌉`."
16,both_statement_and_proof,theorem_1_19_high_prob,Theorem 1.19,theorem,Section 1.4,theorem_1_19_high_prob,,501,1271,**Theorem 1.19.** Let \(X \in \mathbb{R}^d\) be a sub-Gaussian random vector with variance proxy \(\sigma^2\). Then  \[ \mathbb{E}\left[\max_{\theta \in B_2} \theta^\top X\right] = \mathbb{E}\left[\max_{\theta \in B_2} |\theta^\top X|\right,"High-probability bound on `‖X‖` for a sub-Gaussian random vector: with probability at least `1 - δ`, `‖X‖ ≤ 4 σ √d + 2 σ √(2 log(1/δ))`."
17,both_statement_and_proof,LeastSquares.leastSquares_normalEquations_and_pseudoinverse,Proposition 2.1,proposition,"Chapter 2, Section 2.2",LeastSquares.leastSquares_normalEquations_and_pseudoinverse,,385,744,"**Proposition 2.1.** The least squares estimator \(\hat{\mu}_{\text{ls}} = X \hat{\theta}_{\text{ls}} \in \mathbb{R}^n\) satisfies \[ X^\top \hat{\mu}_{\text{ls}} = X^\top Y. \]  Moreover, \(\hat{\theta}_{\text{ls}}\) can be chosen to be \[","Proposition 2.1 (combined form): any least-squares minimizer satisfies the normal equations `Xᵀ X θ = Xᵀ Y`, and the pseudoinverse formula `θ̂^LS = (XᵀX)† Xᵀ Y` produces such a minimizer."
18,both_statement_and_proof,Rigollet.Chapter2.thm_2_2_ridge_risk_bound,Theorem 2.2,theorem,"Chapter 2, Section 2.2",Rigollet.Chapter2.thm_2_2_ridge_risk_bound,,547,2706,"**Theorem 2.2.** Assume that the linear model (2.2) holds where \(\varepsilon \sim \text{subG}(\sigma^2)\). Then the least squares estimator \(\hat{\theta}_{\text{ls}}\) satisfies  \[ \mathbb{E} \, \text{MSE}(X\hat{\theta}_{\text{ls}}) = \m",Theorem 2.2 (combined statement): the least squares estimator under sub-Gaussian noise enjoys both the expectation bound `E[MSE] ≲ σ² r/n` and the high-probability bound `MSE ≲ σ² (r + log(1/δ))/n` with probability `1 - δ`.
19,both_statement_and_proof,Rigollet.Chapter2.thm_2_4_l1_ball_mse,Theorem 2.4,theorem,"Chapter 2, Section 2.2",Rigollet.Chapter2.thm_2_4_l1_ball_mse,,792,380,"**Theorem 2.4.** Let \( K = B_1 \) be the unit \(\ell_1\) ball in \(\mathbb{R}^d\), with \( d \geq 2 \), and assume that \(\theta^* \in B_1\). Moreover, assume the conditions of Theorem 2.2 and that the columns of \(X\) are normalized such ","*Theorem 2.4** (Rigollet, High-Dimensional Statistics).  Combined MSE bound for the $\ell^1$-constrained least squares estimator over $B_1$. With column-normalised $X$ and $\theta^* \in B_1(R)$, $$\mathbb{E}\bigl[\operatorname{MSE}(X\hat\th"
20,both_statement_and_proof,thm_2_6_sparse_ls_high_prob,Theorem 2.6,theorem,"Chapter 2, Section 2.2",thm_2_6_sparse_ls_high_prob,,465,2921,"**Theorem 2.6.** Fix a positive integer \(k \leq \frac{d}{2}\). Let \(K = B_0(k)\) be the set of \(k\)-sparse vectors in \(\mathbb{R}^d\), and assume that \(\theta^* \in B_0(k)\). Moreover, assume the conditions of Theorem 2.2. Then, for an","*Theorem 2.6** (Rigollet, High-Dimensional Statistics).  Sparse least squares MSE bound: for $k$-sparse $\theta^*$ and the least squares estimator $\hat\theta^{LS}_{B_0(k)}$ constrained to $k$-sparse vectors, with probability at least $1 - "
21,both_statement_and_proof,lemma_2_7,Lemma 2.7,lemma,"Chapter 2, Section 2.2",lemma_2_7,,128,688,"**Lemma 2.7.** For any integers \(1 \leq k \leq n\), it holds that \[ \binom{n}{k} \leq \left( \frac{e \cdot n}{k} \right)^k. \]","*Lemma 2.7**: For `1 ≤ k ≤ n`, `binom(n, k) ≤ (e · n / k)^k`."
23,both_statement_and_proof,cor_2_9_expected_mse_bound,Corollary 2.9,corollary,"Chapter 2, Section 2.2",cor_2_9_expected_mse_bound,,184,1325,"Corollary 2.9. Under the assumptions of Theorem 2.6, \[ \mathbb{E} \left[ \operatorname{MSE}\bigl(X \hat{\theta}_B^{(0)}(k)\bigr) \right] \lesssim \frac{\sigma^2 k \log (n / k)}{n}. \]","*Corollary 2.9**: For the sparse least-squares estimator under sub-Gaussian noise, the expected MSE is bounded by `C · σ² · (k/n) · log(e d / k)` for some absolute constant `C`."
24,both_statement_and_proof,HardThresholding.oracle_bound_and_support_recovery,Theorem 2.11,theorem,"Chapter 2, Section 2.3",HardThresholding.oracle_bound_and_support_recovery,,739,1576,"**Theorem 2.11.** Consider the linear regression model (2.2) under the assumption ORT or, equivalently, the sub-Gaussian sequence model (2.9). Then the hard thresholding estimator \(\hat{\theta}^{\text{hrd}}\) with threshold  \[ 2\tau = 2\s","*Theorem 2.11** (properties of hard thresholding under ORT): when the noise is bounded by `τ` in sup-norm, the hard-thresholding estimator satisfies the oracle error bound `‖θ̂ − θ*‖² ≤ 16 · |supp θ*| · τ²`, and recovers the true support pr"
25,both_statement_and_proof,thm_2_14_probabilistic,Theorem 2.14,theorem,"Chapter 2, Section 2.4",thm_2_14_probabilistic,,495,4043,"**Theorem 2.14.** Assume that the linear model (2.2) holds where \(\varepsilon \sim \text{subG}( \sigma^{2} )\). Then, the BIC estimator \(\hat{\theta}_{\text{bic}}\) with regularization parameter \[ \tau^{2} = \frac{16 \log(6) \, \sigma^{2","*Theorem 2.14** (Rigollet, High-Dimensional Statistics).  BIC estimator prediction error bound: with $\tau^2 = (16\log 6 + 32\log(ed)) \sigma^2 / n$, the BIC estimator $\hat\theta^{BIC}$ satisfies, with probability at least $1 - \delta$, $$"
26,both_statement_and_proof,Rigollet.theorem_2_15,Theorem 2.15,theorem,"Chapter 2, Section 2.4",Rigollet.theorem_2_15,,805,1356,"**Theorem 2.15.** Assume that the linear model (2.2) holds where \(\varepsilon \sim \text{subGn}(\sigma^2)\). Moreover, assume that the columns of \(X\) are normalized such that \[ \max_j \|X_j\|_2^2 \leq n. \] Then, the Lasso estimator \(\","Theorem 2.15 (slow-rate Lasso bound). With `2τ = 2σ √(2 log(2d)/n) + 2σ √(2 log(1/δ)/n)`, the Lasso estimator `θ̂^L` satisfies, with probability at least `1 - δ`, `MSE(Xθ̂^L) ≤ 4 ‖θ*‖₁ (σ √(2 log(2d)/n) + σ √(2 log(1/δ)/n))`, and in expecta"
27,both_statement_and_proof,prop_2_16_rademacher_incoherence,Proposition 2.16,proposition,"Chapter 2, Section 2.4",prop_2_16_rademacher_incoherence,,504,1860,"**Proposition 2.16.** Let \( X \in \mathbb{R}^{n \times d} \) be a random matrix with entries \( X_{ij} \), \( i = 1, \ldots, n \), \( j = 1, \ldots, d \), that are i.i.d. Rademacher (±1) random variables. Then, \( X \) has incoherence \( k",Proposition 2.16. A Rademacher random matrix satisfies the incoherence condition `INC(k)` with probability at least `1 - δ` whenever `n ≥ 392 k² log(1/δ) + 784 k² log d`.
28,both_statement_and_proof,lemma_2_17_norm_equivalence,Lemma 2.17,lemma,"Chapter 2, Section 2.4",lemma_2_17_norm_equivalence,,371,852,"**Lemma 2.17.** Fix a positive integer \(k \leq d\) and assume that \(X\) satisfies assumption INC(\(k\)). Then, for any \(S \subseteq \{1, \ldots, d\}\) such that \(|S| \leq k\) and any \(\theta \in \mathbb{R}^d\) that satisfies the cone c","*Lemma 2.17** (restricted-eigenvalue / norm-equivalence inequality): under the incoherence assumption `INC(k)` and the cone condition, the support-restricted `ℓ_2` norm of `θ` is comparable to `(1/n)‖Xθ‖²`."
29,both_statement_and_proof,thm_2_18_lasso_probabilistic,Theorem 2.18,theorem,"Chapter 2, Section 2.4",thm_2_18_lasso_probabilistic,,913,2291,"**Theorem 2.18.** Fix \( n \geq 2 \). Assume that the linear model (2.2) holds where \(\varepsilon \sim \text{subG}(\sigma^2)\). Moreover, assume that \(|\theta^*|_0 \leq k\) and that \(X\) satisfies assumption INC(\(k\)). Then the Lasso es","Combined deterministic fast-rate bounds (Theorem 2.18, conjunction): under `INC(k)`, a `k`-sparse `θ*`, and `|Xᵀε|_∞ ≤ nτ/2`, both `MSE(Xθ̂) ≤ 576 k τ²` and `‖θ̂ - θ*‖₁ ≤ 32 k τ` hold."
30,both_statement_and_proof,Rigollet.Chapter3.thm_3_3,Theorem 3.3,theorem,"Chapter 3, Section 3.1",Rigollet.Chapter3.thm_3_3,,421,1065,"Theorem 3.3. Assume the general regression model (3.1) with \(\varepsilon \sim \text{subG}_n(\sigma^2)\). Then, the least squares estimator \(\hat{\theta}_{\text{ls}}\) satisfies, for some numerical constant \(C > 0\),  \[ \text{MSE}(\varph","Theorem 3.3 (least squares oracle inequality): for the least squares estimator under the sub-Gaussian noise model `Y = f + ε`, `ε ~ subG_n(σ²)`, with probability at least `1 - δ`, `MSE(φ_{θ̂^LS}) ≤ inf_θ MSE(φ_θ) + C σ² M log(1/δ) / n`."
31,both_statement_and_proof,Rigollet.Chapter3.thm_3_4_bic_oracle_inequality,Theorem 3.4,theorem,"Chapter 3, Section 3.1",Rigollet.Chapter3.thm_3_4_bic_oracle_inequality,,640,3165,"**Theorem 3.4.** Assume the general regression model (3.1) with \(\varepsilon \sim \text{subG}_n(\sigma^2)\). Then, the BIC estimator \(\hat{\theta}_{\mathrm{bic}}\) with regularization parameter \[ \tau^2 = \frac{16 \sigma^2}{\alpha n} \lo","Theorem 3.4 (BIC oracle inequality): for the BIC estimator with regularization `τ² = 16 σ² / (α n) · log(6 e M)` and sub-Gaussian noise, with probability at least `1 - δ` the MSE satisfies the oracle inequality `MSE(Φ θ̂) ≤ inf_θ {(1 + α)/("
32,both_statement_and_proof,Rigollet.Chapter3.thm_3_5_lasso_oracle_inequality,Theorem 3.5,theorem,"Chapter 3, Section 3.1",Rigollet.Chapter3.thm_3_5_lasso_oracle_inequality,,795,778,"**Theorem 3.5.** Assume the general regression model (3.1) with \(\varepsilon \sim \text{subG}_n(\sigma^2)\). Moreover, assume that there exists an integer \(k\) such that the matrix \(\Phi\) satisfies assumption INC(\(k\)).  Then, the Lass","Theorem 3.5 (Lasso oracle inequality, High-Dimensional Statistics, Ch. 3): for the general regression model `Y = f + ε` with `ε ~ subGₙ(σ²)` and `Φ` satisfying `INC(k)`, the Lasso estimator `θ̂^L` with `2τ = 8σ √(2 log(2M)/n) + 8σ √(2 log(1"
33,both_statement_and_proof,Chapter3.theorem_3_6_maurey,Theorem 3.6,theorem,"Chapter 3, Section 3.1",Chapter3.theorem_3_6_maurey,,483,2238,"**Theorem 3.6.** Let \(\{\varphi_1, \ldots, \varphi_M\}\) be a dictionary normalized in such a way that  \[ \max_{1 \leq j \leq M} \|\varphi_j\|^2 \leq D n. \]  Then for any integer \(k\) such that \(1 \leq k \leq M\) and any positive \(R\)","Theorem 3.6 (sparse vs ℓ₁-ball comparison): for a dictionary `Φ` with columns of squared norm at most `D² n`, `inf_{‖θ‖₀ ≤ 2k} MSE(Φ θ, f) ≤ inf_{‖θ‖₁ ≤ R} MSE(Φ θ, f) + D² R² / k`."
34,both_statement_and_proof,Rigollet.Chapter3.cor_3_7_probabilistic,Corollary 3.7,corollary,"Chapter 3, Section 3.1",Rigollet.Chapter3.cor_3_7_probabilistic,,617,3014,"**Corollary 3.7.** Assume that the assumptions of Theorem 3.4 hold and that the dictionary \(\{\varphi_1, \ldots, \varphi_M\}\) is normalized in such a way that  \[ \max_{1 \leq j \leq M} \|\varphi_j\|^2 \leq n. \]  Then there exists a cons","Corollary 3.7 (probabilistic combined ℓ₀ / ℓ₁ oracle inequality for the BIC estimator): with probability at least `1 - δ`, the BIC estimator `θ̂` satisfies, for every `θ`, `MSE(Φ θ̂) ≤ 2 MSE(Φ θ) + C · min(σ² |θ|₀ log(eM)/n, σ ‖θ‖₁ √(log(eM"
35,both_statement_and_proof,Chapter3.thm_3_11,Theorem 3.11,theorem,"Chapter 3, Section 3.2",Chapter3.thm_3_11,,579,2546,"**Theorem 3.11.** Fix \(\beta \geq 1\) and \(L > 0\), and let \(\{\varphi_j\}_{j \geq 1}\) denote the trigonometric basis of \(L^2([0,1])\). Moreover, let \(\{a_j\}_{j \geq 1}\) be defined as in (3.9). A function \(f \in W(\beta, L)\) can b","Theorem 3.11 (High-Dimensional Statistics, Ch. 3): fix `β ≥ 1` and `L > 0`. The trigonometric basis `{φⱼ}` represents every `f ∈ W(β, L)` as `f = Σ θⱼ* φⱼ` in `L²([0, 1])`, where the coefficient sequence `{θⱼ*}` belongs to the Sobolev ellip"
36,both_statement_and_proof,Chapter3.prop_3_12,Proposition 3.12,proposition,"Chapter 3, Section on Sobolev classes and ellipsoids",Chapter3.prop_3_12,,267,386,"**Proposition 3.12.** The Sobolev ellipsoids enjoy the following properties:  (i) For any \( Q > 0 \), \[ 0 < \beta' < \beta \implies \Theta(\beta, Q) \subset \Theta(\beta', Q). \]  (ii) For any \( Q > 0 \), \[ \beta > \frac{1}{2} \implies ","Proposition 3.12 (combined): Sobolev ellipsoids are nested in the smoothness parameter `β`, and for `β > 1/2` any coefficient sequence in the (infinite-dimensional) ellipsoid yields a continuous periodic function."
37,both_statement_and_proof,Chapter3.lemma_3_13,Lemma 3.13,lemma,"Chapter 3, Section on Sobolev classes and ellipsoids",Chapter3.lemma_3_13,,248,2550,"Lemma 3.13. Assume that \(\{X_1, \ldots, X_n\}\) is the regular design, i.e., \(X_i = \frac{i - 1}{n}\). Then, for any \(M \leq n - 1\), the design matrix \(\Phi = \{\varphi_j(X_i)\}_{1 \leq i \leq n, 1 \leq j \leq M}\) satisfies the ORT co","Lemma 3.13 of Rigollet: for the regular design `X_i = (i-1)/n` and the trigonometric basis `{φ_j}`, the design matrix `Φ` satisfies the orthogonality condition `Φᵀ Φ = n · I_M` for `M ≤ n - 1`."
38,both_statement_and_proof,lemma_3_14,Lemma 3.14,lemma,"Chapter 3, Section on Integrated squared error",lemma_3_14,,373,3471,"Lemma 3.14. For any integer \( M \geq 1 \), and \( f \in \Theta(\beta, Q) \), with \(\beta > \frac{1}{2}\), it holds that  \[ \| \theta^*_M - f \|_{L^2}^2 = \sum_{j > M} |\theta_j^*|^2 \leq Q M^{-2 \beta}. \tag{3.10} \]  Moreover, for \( M ","Lemma 3.14 (Sobolev truncation bound): for `M ≥ 1` and `θ ∈ Θ(β, Q)` with `β > 1/2`, the L² error of the truncated trigonometric series satisfies `‖φ_{θ*}^M - f‖²_{L²} = ∑'_{j > M} |θⱼ*|² ≤ Q · M^{-2β}`, together with the empirical ℓ¹ tail "
39,both_statement_and_proof,Chapter3.thm_3_15,Theorem 3.15,theorem,"Chapter 3, Section on Integrated squared error",Chapter3.thm_3_15,,916,946,"**Theorem 3.15.** Fix \(\beta \geq \frac{1 + 5}{4} \approx 0.81\), \(Q > 0\), \(\delta > 0\), and assume the general regression model (3.1) with \(f \in \Theta(\beta, Q)\) and \(\varepsilon \sim \text{subG}(\sigma^2)\), with \(\sigma^2 \leq","*Theorem 3.15 (Sobolev nonparametric rate).** Fix `β ≥ (1+√5)/4 ≃ 0.81`. Under the regression model `Y_i = f(i/n) + ε_i` with `f ∈ Θ(β, Q)` and `ε ~ subG_n(σ²)`, `σ² ≤ 1`, the least squares estimator with trigonometric basis and `M = ⌈n^{1/"
40,both_statement_and_proof,Chapter3.cor_3_16,Corollary 3.16,corollary,"Chapter 3, Section on Adaptive estimation",Chapter3.cor_3_16,,1127,1700,"Corollary 3.16. Fix \(\beta \geq \frac{1+5}{4} \approx 0.81\), \(Q > 0\), \(\delta > 0\), and \(n\) large enough to ensure \(n - 1 \geq \lceil n^{\frac{1}{2\beta+1}} \rceil\). Assume the general regression model (3.1) with \[ f \in \Theta(\","*Corollary 3.16 (Adaptive estimation).** Under the same assumptions as Theorem 3.15, both the BIC and Lasso estimators with the trigonometric design adapt to the unknown Sobolev smoothness up to log factors: - With probability `1 - δ`:   `‖"
41,both_statement_and_proof,lemma_4_2_operator_norm_high_prob,Lemma 4.2,lemma,"Chapter 4, Section 4.2 (Multivariate regression, Sub-Gaussian matrix model)",lemma_4_2_operator_norm_high_prob,,290,1837,"**Lemma 4.2.** Let \( A \) be a \( d \times T \) random matrix such that \( A \sim \text{subG}_{d \times T}(\sigma^2) \). Then with probability at least \( 1 - \delta \),  \[ \|A\|_{\text{op}} \leq 4 \sigma \sqrt{\log(12)(d \vee T)} + 2 \si","*Lemma 4.2 (high-probability bound).** With probability at least $1 - \delta$, the operator norm of a sub-Gaussian matrix $A$ with proxy variance $\sigma^2$ satisfies $\|A\|_{op} \le 4\sigma \sqrt{\log(12)\cdot \max(d, T)} + 2\sigma \sqrt{2"
42,both_statement_and_proof,SingularValueThresholding.theorem_4_3,Theorem 4.3,theorem,Chapter 4,SingularValueThresholding.theorem_4_3,,697,2976,"**Theorem 4.3.** Consider the multivariate linear regression model (4.1) under the assumption ORT or, equivalently, the sub-Gaussian matrix model (4.2). Then, the singular value thresholding estimator \(\hat{\Theta}_{\mathrm{svt}}\) with th","*Theorem 4.3** (SVT MSE). Under the design orthogonality $X^\top X = nI$, the SVT estimator's prediction MSE equals the parameter MSE, and the latter is bounded by $144 \cdot \mathrm{rank}(\Theta^*) \cdot \tau^2$ on the event $\|F(\omega)\|"
43,both_statement_and_proof,Rigollet.Chapter4.Thm_4_4.theorem_4_4_with_probability,Theorem 4.4,theorem,Chapter 4,Rigollet.Chapter4.Thm_4_4.theorem_4_4_with_probability,,481,4380,"Theorem 4.4. Consider the multivariate linear regression model (4.1). Then, the estimator by rank penalization \(\hat{\Theta}_{\tau}^{\operatorname{rk}}\) with regularization parameter \(\tau^2\), where \(\Theta_{\tau}\) is defined in (4.3)","*Theorem 4.4** (rank penalization, high-probability form). Under the sub-Gaussian matrix model and a suitable choice of threshold $\tau$, the rank-penalized estimator's prediction MSE exceeds $8 \cdot \mathrm{rank}(\Theta^*) \cdot \tau^2$ w"
44,both_statement_and_proof,Rigollet.Chapter4.Thm_4_6.theorem_4_6,Theorem 4.6,theorem,Section 4.3,Rigollet.Chapter4.Thm_4_6.theorem_4_6,,403,720,"**Theorem 4.6.** Let \(X_1, \ldots, X_n\) be \(n\) i.i.d. sub-Gaussian random vectors such that \(\mathbb{E}[X X^\top] = \Sigma\) and \(X \sim \operatorname{subG}_d(k \Sigma_{\mathrm{op}})\). Then  \[ \| \hat{\Sigma} - \Sigma \|_{\mathrm{op","*Theorem 4.6 (empirical covariance operator norm).** There is a universal constant `C > 0` such that for `n` i.i.d. sub-Gaussian samples `X₁, …, Xₙ` with `E[X X^⊤] = Σ ≻ 0` and `X ~ subG_d(‖Σ‖_op)`, `‖Σ̂ - Σ‖_op ≤ C · ‖Σ‖_op · (√((d + log(1"
45,both_statement_and_proof,Thm48.theorem_4_8,Theorem 4.8 (Davis-Kahan $\sin(\theta)$ theorem),theorem,Section 4.4,Thm48.theorem_4_8,,444,2135,**Theorem 4.8 (Davis–Kahan sin(θ) theorem).** Let \(\Sigma\) satisfy the spiked covariance model and let \(\tilde{\Sigma}\) be any positive semidefinite estimator of \(\Sigma\). Let \(\tilde{v}\) denote the largest eigenvector of \(\tilde{\,"*Theorem 4.8** (Davis–Kahan $\sin\theta$). For the spiked covariance model, the leading eigenvector $\tilde v$ of any PSD estimator $\tilde\Sigma$ satisfies $\min_{\varepsilon=\pm 1} \|\varepsilon \tilde v - v\|^2 \le \frac{8}{\theta^2} \|\"
47,both_statement_and_proof,Rigollet.Chapter4.Thm_4_10.theorem_4_10_textbook,Theorem 4.10,theorem,Section 4.4,Rigollet.Chapter4.Thm_4_10.theorem_4_10_textbook,,804,2396,"**Theorem 4.10.** Let \( X_1, \ldots, X_n \) be \( n \) i.i.d. copies of a sub-Gaussian random vector \( X \in \mathbb{R}^d \) such that \(\mathbb{E}[XX^\top] = \Sigma\) and \( X \sim \mathrm{subG}_d(k \Sigma_{\mathrm{op}}) \). Assume furth",*Theorem 4.10 (textbook form).** The same sparse-PCA conclusion as `theorem_4_10` but stated with the textbook-style rate `sparsePCARate_textbook`. The constant `C` is rescaled to absorb the multiplicative factor between the two rates.
48,both_statement_and_proof,Chapter5.TVNP.neyman_pearson,Lemma 5.3 (Neyman-Pearson),lemma,Section 5.3,Chapter5.TVNP.neyman_pearson,,283,3410,"**Lemma 5.3 (Neyman–Pearson).** Let \(P_0\) and \(P_1\) be two probability measures. Then for any test \(\psi\), it holds that  \[ P_0(\psi = 1) + P_1(\psi = 0) \geq \min(p_0, p_1). \]  Moreover, equality holds for the likelihood ratio test","Bundled Neyman–Pearson lemma (Lemma 5.3): for every measurable test the total error is at least `1 - TV(P₀, P₁)`, and the likelihood-ratio test attains this optimal value."
49,both_statement_and_proof,Rigollet.Chapter5.prop_5_6_bundle,Proposition 5.6,proposition,Section 5.3,Rigollet.Chapter5.prop_5_6_bundle,,321,1420,"**Proposition 5.6.** Let \( P \) and \( Q \) be two probability measures. Then  1. \(\mathrm{KL}(P, Q) \geq 0\).  2. If \( P \) and \( Q \) are product measures, i.e.,  \[ P = \bigotimes_{i=1}^n P_i \quad \text{and} \quad Q = \bigotimes_{i=","Bundled Proposition 5.6: KL divergence is nonnegative (Gibbs), satisfies the real-valued Gibbs inequality, and tensorises across products (both binary and `n`-fold)."
50,both_statement_and_proof,Chapter5.TVNP.pinsker_inequality,Lemma 5.8 (Pinsker's inequality),lemma,Section 5.3,Chapter5.TVNP.pinsker_inequality,,171,1150,"**Lemma 5.8 (Pinsker’s inequality).** Let \(P\) and \(Q\) be two probability measures such that \(P \ll Q\). Then  \[ \mathrm{TV}(P, Q) \leq \sqrt{\mathrm{KL}(P \| Q)}. \]","Pinsker's inequality (Lemma 5.8 / 5.4 of Rigollet–Hütter): `TV(P, Q) ≤ √(KL(P ‖ Q))` whenever `P ≪ Q` and the KL is finite."
51,both_statement_and_proof,Minimax.theorem_5_9,Theorem 5.9,theorem,Section 5.3,Minimax.theorem_5_9,,382,2352,"**Theorem 5.9.** Assume that \(\Theta\) contains two hypotheses \(\theta_0\) and \(\theta_1\) such that \[ \|\theta_0 - \theta_1\|_2^2 = \frac{8 \alpha^2 \sigma^2}{n} \] for some \(\alpha \in (0, 1/2)\). Then \[ \inf_{\hat{\theta}} \sup_{\t","Theorem 5.9 (two-point method): if `Θ` contains `θ₀, θ₁` with `‖θ₀ - θ₁‖² = 8α²σ²/n`, then `inf_{θ̂} sup_{θ ∈ Θ} P_θ(‖θ̂ - θ‖² ≥ 2α²σ²/n) ≥ 1/2 - α`."
52,both_statement_and_proof,FanoInequality.fano_inequality,Theorem 5.10 (Fano's inequality),theorem,Section 5.4,FanoInequality.fano_inequality,,415,3131,"**Theorem 5.10 (Fano’s inequality).** Let \(P_1, \ldots, P_M\), with \(M \geq 2\), be probability distributions such that \(P_j \ll P_k\) for all \(j, k\). Then  \[ \inf_{\psi} \max_{1 \leq j \leq M} \mathbb{P}_{P_j}(\psi(X) \neq j) \geq 1 ","Fano's inequality (Theorem 5.10): for any measurable classifier `ψ : Ω → Fin M`, some hypothesis `P j` has error `P_j(ψ ≠ j) ≥ 1 - (M⁻² ∑_{j,k} KL(P_j ‖ P_k) + log 2) / log(M - 1)`."
53,both_statement_and_proof,MinimaxLowerBound.theorem_5_11,Theorem 5.11,theorem,Section 5.4,MinimaxLowerBound.theorem_5_11,,453,620,"**Theorem 5.11.** Assume that \(\Theta\) contains \(M \geq 5\) hypotheses \(\theta_1, \ldots, \theta_M\) such that for some constant \(0 < \alpha < \frac{1}{4}\), it holds:  1. \(\|\theta_j - \theta_k\|_2^2 \geq 4 \varphi\),  2. \(\|\theta_","Theorem 5.11 (many-hypotheses lower bound via Fano): if `Θ` contains `M ≥ 5` points pairwise separated by at least `4ϕ` and with pairwise KL divergences bounded by `2ασ²/n · log M`, then `inf_{θ̂ measurable} sup_{θ ∈ Θ} P_θ(‖θ̂ - θ‖² ≥ ϕ) ≥"
54,both_statement_and_proof,VarshamovGilbert.varshamov_gilbert,Lemma 5.12 (Varshamov-Gilbert),lemma,Section 5.4,VarshamovGilbert.varshamov_gilbert,,413,2544,"**Lemma 5.12 (Varshamov-Gilbert).** For any \(\gamma \in (0, 1/2)\), there exist binary vectors \(\omega_1, \ldots, \omega_M \in \{0,1\}^d\) such that  1. For all \(j \neq k\), \[ \rho(\omega_j, \omega_k) \geq \left(\frac{1}{2} - \gamma \ri","Varshamov–Gilbert lemma (Lemma 5.12): for `γ ∈ (0, 1/2)` and `d ≥ 1`, there exist `M ≥ exp(γ²d/2)` binary vectors `ω₁, …, ω_M ∈ {0, 1}^d` with pairwise Hamming distance at least `(1/2 - γ) d`."
56,both_statement_and_proof,SparseVarshamovGilbert.sparse_varshamov_gilbert,Lemma 5.14 (Sparse Varshamov-Gilbert),lemma,Section 5.5,SparseVarshamovGilbert.sparse_varshamov_gilbert,,569,4294,"**Lemma 5.14 (Sparse Varshamov-Gilbert).** There exist positive constants \(C_1\) and \(C_2\) such that the following holds for any two integers \(k\) and \(d\) with \(1 \leq k \leq d/8\). There exist binary vectors \(\omega_1, \ldots, \ome","*Lemma 5.14** (Sparse Varshamov-Gilbert): for `1 ≤ k ≤ d/8`, there exist binary vectors `ω_1, …, ω_M ∈ {0,1}^d` with pairwise Hamming distance at least `k/2`, weight exactly `k`, and `log M ≥ (k/8) log(1 + d/(2k))`."
58,both_statement_and_proof,MinimaxL1Ball.cor_5_16,Corollary 5.16,corollary,Chapter 5,MinimaxL1Ball.cor_5_16,,655,641,Corollary 5.16. Recall that \( B_1(R) \subset \mathbb{R}^d \) denotes the set of vectors \( \theta \in \mathbb{R}^d \) such that \(\|\theta\|_1 \leq R\). Then there exists a constant \( C > 0 \) such that if \( d \geq n^{1/2 + \varepsilon} ,"*Corollary 5.16** (`ℓ¹`-ball minimax rate): for the `ℓ¹`-ball `B₁(R) ⊂ ℝ^d` in the high-dimensional regime `d ≥ n^(1/2+ε)`, the minimax rate of estimation in the Gaussian sequence model is `φ(B₁(R)) = min(R², R σ log d / n)` (up to constant"
